INSERT INTO service_offered (id, name, description) VALUES
(1, 'Plumbing', 'General plumbing services including leak repairs, pipe installation, and maintenance'),
(2, 'Electrical', 'Residential and commercial electrical installations, rewiring, and fault fixing'),
(3, 'Landscaping', 'Garden design, lawn care, and outdoor maintenance'),
(4, 'Cleaning', 'Domestic and office cleaning services including deep cleaning'),
(5, 'Painting', 'Interior and exterior painting for homes and commercial buildings'),
(6, 'Carpentry', 'Custom woodwork, furniture repair, and home fittings'),
(7, 'Roofing', 'Roof installation, leak repair, and inspections'),
(8, 'HVAC', 'Heating, ventilation, and air conditioning installation and maintenance'),
(9, 'Pest Control', 'Safe and effective pest removal and prevention services'),
(10, 'Appliance Repair', 'Repair and servicing of household appliances like washing machines and refrigerators');
COMMIT;


INSERT INTO waitlist (id, user_type, email, telnum, name, postcode, vendor_type, enabled) VALUES
(1, 1, 'user1@example.com', '+447000000001', 'User1', 'SW1A 1AA', 1, true),
(2, 2, 'user2@example.com', '+447000000002', 'User2', 'EC1A 1BB', 2, true),
(3, 3, 'user3@example.com', '+447000000003', 'User3', 'W1A 0AX', 1, true),
(4, 1, 'user4@example.com', '+447000000004', 'User4', 'M1 1AE', 2, true),
(5, 2, 'user5@example.com', '+447000000005', 'User5', 'B1 1AA', 1, true),
(6, 3, 'user6@example.com', '+447000000006', 'User6', 'L1 8JQ', 2, true),
(7, 1, 'user7@example.com', '+447000000007', 'User7', 'G1 1AA', 1, true),
(8, 2, 'user8@example.com', '+447000000008', 'User8', 'EH1 1AA', 2, true),
(9, 3, 'user9@example.com', '+447000000009', 'User9', 'BT1 5GS', 1, true),
(10, 1, 'user10@example.com', '+447000000010', 'User10', 'CF10 1EP', 2, true),
(11, 2, 'user11@example.com', '+447000000011', 'User11', 'SW1A 2AA', 1, true),
(12, 3, 'user12@example.com', '+447000000012', 'User12', 'E1 6AN', 2, true),
(13, 1, 'user13@example.com', '+447000000013', 'User13', 'N1 9GU', 1, true),
(14, 2, 'user14@example.com', '+447000000014', 'User14', 'SE1 7PB', 2, true),
(15, 3, 'user15@example.com', '+447000000015', 'User15', 'WC2N 5DU', 1, true),
(16, 1, 'user16@example.com', '+447000000016', 'User16', 'LS1 2HT', 2, true),
(17, 2, 'user17@example.com', '+447000000017', 'User17', 'NG1 5FS', 1, true),
(18, 3, 'user18@example.com', '+447000000018', 'User18', 'BS1 5TR', 2, true),
(19, 1, 'user19@example.com', '+447000000019', 'User19', 'OX1 1PT', 1, true),
(20, 2, 'user20@example.com', '+447000000020', 'User20', 'CB2 3PJ', 2, true),
(21, 3, 'user21@example.com', '+447000000021', 'User21', 'AB10 1AN', 1, true),
(22, 1, 'user22@example.com', '+447000000022', 'User22', 'IV1 1HT', 2, true),
(23, 2, 'user23@example.com', '+447000000023', 'User23', 'KY16 9AJ', 1, true),
(24, 3, 'user24@example.com', '+447000000024', 'User24', 'ZE1 0LL', 2, true),
(25, 1, 'user25@example.com', '+447000000025', 'User25', 'PA1 1BX', 1, true),
(26, 2, 'user26@example.com', '+447000000026', 'User26', 'DD1 4HN', 2, true),
(27, 3, 'user27@example.com', '+447000000027', 'User27', 'G12 8QQ', 1, true),
(28, 1, 'user28@example.com', '+447000000028', 'User28', 'HS1 2BP', 2, true),
(29, 2, 'user29@example.com', '+447000000029', 'User29', 'PH1 5AB', 1, true),
(30, 3, 'user30@example.com', '+447000000030', 'User30', 'KA1 1HH', 2, true),
(31, 1, 'user31@example.com', '+447000000031', 'User31', 'DG1 1BS', 1, true),
(32, 2, 'user32@example.com', '+447000000032', 'User32', 'TD1 2DN', 2, true),
(33, 3, 'user33@example.com', '+447000000033', 'User33', 'ML1 1AB', 1, true),
(34, 1, 'user34@example.com', '+447000000034', 'User34', 'FK1 1EB', 2, true),
(35, 2, 'user35@example.com', '+447000000035', 'User35', 'EH99 1SP', 1, true),
(36, 3, 'user36@example.com', '+447000000036', 'User36', 'BT7 1NN', 2, true),
(37, 1, 'user37@example.com', '+447000000037', 'User37', 'CF11 9SS', 1, true),
(38, 2, 'user38@example.com', '+447000000038', 'User38', 'NP10 8QQ', 2, true),
(39, 3, 'user39@example.com', '+447000000039', 'User39', 'LL11 2NW', 1, true),
(40, 1, 'user40@example.com', '+447000000040', 'User40', 'SA1 4NP', 2, true),
(41, 2, 'user41@example.com', '+447000000041', 'User41', 'CH1 1AA', 1, true),
(42, 3, 'user42@example.com', '+447000000042', 'User42', 'WA1 1BL', 2, true),
(43, 1, 'user43@example.com', '+447000000043', 'User43', 'PR1 1AF', 1, true),
(44, 2, 'user44@example.com', '+447000000044', 'User44', 'FY1 2AA', 2, true),
(45, 3, 'user45@example.com', '+447000000045', 'User45', 'LA1 1AA', 1, true),
(46, 1, 'user46@example.com', '+447000000046', 'User46', 'BB1 1AA', 2, true),
(47, 2, 'user47@example.com', '+447000000047', 'User47', 'BL1 1AA', 1, true),
(48, 3, 'user48@example.com', '+447000000048', 'User48', 'WN1 1AA', 2, true),
(49, 1, 'user49@example.com', '+447000000049', 'User49', 'M2 5BQ', 1, true),
(50, 2, 'user50@example.com', '+447000000050', 'User50', 'OL1 1AA', 2, true),
(51, 3, 'user51@example.com', '+447000000051', 'User51', 'SK1 1AA', 1, true),
(52, 1, 'user52@example.com', '+447000000052', 'User52', 'HD1 1AA', 2, true),
(53, 2, 'user53@example.com', '+447000000053', 'User53', 'LS2 3AR', 1, true),
(54, 3, 'user54@example.com', '+447000000054', 'User54', 'YO1 7HD', 2, true),
(55, 1, 'user55@example.com', '+447000000055', 'User55', 'NE1 1EE', 1, true),
(56, 2, 'user56@example.com', '+447000000056', 'User56', 'TS1 1AA', 2, true),
(57, 3, 'user57@example.com', '+447000000057', 'User57', 'DH1 3LE', 1, true),
(58, 1, 'user58@example.com', '+447000000058', 'User58', 'SR1 1AA', 2, true),
(59, 2, 'user59@example.com', '+447000000059', 'User59', 'DL1 1AA', 1, true),
(60, 3, 'user60@example.com', '+447000000060', 'User60', 'HG1 1AA', 2, true),
(61, 1, 'user61@example.com', '+447000000061', 'User61', 'BD1 1AA', 1, true),
(62, 2, 'user62@example.com', '+447000000062', 'User62', 'HX1 1AA', 2, true),
(63, 3, 'user63@example.com', '+447000000063', 'User63', 'WF1 1AA', 1, true),
(64, 1, 'user64@example.com', '+447000000064', 'User64', 'S1 2HH', 2, true),
(65, 2, 'user65@example.com', '+447000000065', 'User65', 'DN1 1AA', 1, true),
(66, 3, 'user66@example.com', '+447000000066', 'User66', 'HU1 1AA', 2, true),
(67, 1, 'user67@example.com', '+447000000067', 'User67', 'LE1 1AA', 1, true),
(68, 2, 'user68@example.com', '+447000000068', 'User68', 'DE1 1AA', 2, true),
(69, 3, 'user69@example.com', '+447000000069', 'User69', 'NG2 3AA', 1, true),
(70, 1, 'user70@example.com', '+447000000070', 'User70', 'LN1 1AA', 2, true),
(71, 2, 'user71@example.com', '+447000000071', 'User71', 'PE1 1AA', 1, true),
(72, 3, 'user72@example.com', '+447000000072', 'User72', 'CB1 1AA', 2, true),
(73, 1, 'user73@example.com', '+447000000073', 'User73', 'IP1 1AA', 1, true),
(74, 2, 'user74@example.com', '+447000000074', 'User74', 'NR1 1AA', 2, true),
(75, 3, 'user75@example.com', '+447000000075', 'User75', 'CO1 1AA', 1, true),
(76, 1, 'user76@example.com', '+447000000076', 'User76', 'CM1 1AA', 2, true),
(77, 2, 'user77@example.com', '+447000000077', 'User77', 'SS1 1AA', 1, true),
(78, 3, 'user78@example.com', '+447000000078', 'User78', 'ME1 1AA', 2, true),
(79, 1, 'user79@example.com', '+447000000079', 'User79', 'TN1 1AA', 1, true),
(80, 2, 'user80@example.com', '+447000000080', 'User80', 'RH1 1AA', 2, true),
(81, 3, 'user81@example.com', '+447000000081', 'User81', 'GU1 1AA', 1, true),
(82, 1, 'user82@example.com', '+447000000082', 'User82', 'SL1 1AA', 2, true),
(83, 2, 'user83@example.com', '+447000000083', 'User83', 'HP1 1AA', 1, true),
(84, 3, 'user84@example.com', '+447000000084', 'User84', 'AL1 1AA', 2, true),
(85, 1, 'user85@example.com', '+447000000085', 'User85', 'LU1 1AA', 1, true),
(86, 2, 'user86@example.com', '+447000000086', 'User86', 'MK1 1AA', 2, true),
(87, 3, 'user87@example.com', '+447000000087', 'User87', 'OX2 6NN', 1, true),
(88, 1, 'user88@example.com', '+447000000088', 'User88', 'GL1 1AA', 2, true),
(89, 2, 'user89@example.com', '+447000000089', 'User89', 'TA1 1AA', 1, true),
(90, 3, 'user90@example.com', '+447000000090', 'User90', 'BS1 5TR', 2, true),
(91, 1, 'user91@example.com', '+447000000091', 'User91', 'PL1 1AA', 1, true),
(92, 2, 'user92@example.com', '+447000000092', 'User92', 'TR1 1AA', 2, true),
(93, 3, 'user93@example.com', '+447000000093', 'User93', 'TQ1 1AA', 1, true),
(94, 1, 'user94@example.com', '+447000000094', 'User94', 'EX1 1AA', 2, true),
(95, 2, 'user95@example.com', '+447000000095', 'User95', 'DT1 1AA', 1, true),
(96, 3, 'user96@example.com', '+447000000096', 'User96', 'BH1 1AA', 2, true),
(97, 1, 'user97@example.com', '+447000000097', 'User97', 'SP1 1AA', 1, true),
(98, 2, 'user98@example.com', '+447000000098', 'User98', 'SO1 1AA', 2, true),
(99, 3, 'user99@example.com', '+447000000099', 'User99', 'PO1 1AA', 1, true),
(100, 1, 'user100@example.com', '+447000000100', 'User100', 'BN1 1AA', 2, true);
COMMIT;


INSERT INTO waitlist_service (waitlist_id, service_id) VALUES
(2, 1), (2, 4), (2, 6), (2, 7), (2, 10),
(5, 2), (5, 3), (5, 8),
(8, 6), (8, 9),
(11, 5), (11, 7), (11, 10),
(14, 1), (14, 2), (14, 6), (14, 8),
(17, 3), (17, 5), (17, 9),
(20, 4), (20, 6), (20, 8),
(23, 1), (23, 7),
(26, 2), (26, 5), (26, 10),
(29, 3), (29, 4), (29, 9),
(32, 1), (32, 2), (32, 6),
(35, 5), (35, 8),
(38, 7), (38, 9), (38, 10),
(41, 2), (41, 4),
(44, 3), (44, 6), (44, 7),
(47, 1), (47, 5), (47, 9),
(50, 2), (50, 8), (50, 10),
(53, 3), (53, 6),
(56, 4), (56, 7), (56, 9),
(59, 1), (59, 2),
(62, 5), (62, 6), (62, 10),
(65, 3), (65, 7),
(68, 4), (68, 5), (68, 9),
(71, 1), (71, 8),
(74, 2), (74, 6), (74, 10),
(77, 3), (77, 4), (77, 7),
(80, 5), (80, 9),
(83, 6), (83, 8), (83, 10),
(86, 1), (86, 2), (86, 7),
(89, 3), (89, 5),
(92, 4), (92, 6), (92, 9),
(95, 2), (95, 3),
(98, 1), (98, 4), (98, 10);
COMMIT;